"Componenet","Tool","Image","CVE","Severity","Package","Affected Version","Fix Version","Summary"
"qubership-logging-operator","grype","docker.io/alpine:3.21.3","CVE-2025-69420","High","libcrypto3","3.3.3-r0","3.3.6-r0","A high vulnerability in apk package: libcrypto3, version 3.3.3-r0 was found in image docker.io/alpine:3.21.3 at: /lib/apk/db/installed"
"qubership-logging-operator","grype","docker.io/alpine:3.21.3","CVE-2025-69420","High","libssl3","3.3.3-r0","3.3.6-r0","A high vulnerability in apk package: libssl3, version 3.3.3-r0 was found in image docker.io/alpine:3.21.3 at: /lib/apk/db/installed"
"qubership-logging-operator","grype","docker.io/alpine:3.21.3","CVE-2025-9230","High","libcrypto3","3.3.3-r0","3.3.5-r0","A high vulnerability in apk package: libcrypto3, version 3.3.3-r0 was found in image docker.io/alpine:3.21.3 at: /lib/apk/db/installed"
"qubership-logging-operator","grype","docker.io/alpine:3.21.3","CVE-2025-9230","High","libssl3","3.3.3-r0","3.3.5-r0","A high vulnerability in apk package: libssl3, version 3.3.3-r0 was found in image docker.io/alpine:3.21.3 at: /lib/apk/db/installed"
"qubership-jaeger","grype","envoyproxy/envoy:v1.35.2","CVE-2021-46848","Critical","libtasn1-6","4.18.0-4ubuntu0.1","4.18.0-4ubuntu0.2","A low vulnerability in deb package: libtasn1-6, version 4.18.0-4ubuntu0.1 was found in image envoyproxy/envoy:v1.35.2 at: /var/lib/dpkg/status"
"qubership-jaeger","grype","envoyproxy/envoy:v1.35.2","CVE-2024-32475","High","envoy","1.35.2","1.27.5,1.28.3,1.29.4,11.30.1","A high vulnerability in binary package: envoy, version 1.35.2 was found in image envoyproxy/envoy:v1.35.2 at: /usr/local/bin/envoy"
"qubership-jaeger","grype","envoyproxy/envoy:v1.35.2","CVE-2025-6297","High","dpkg","1.21.1ubuntu2.3","1.21.1ubuntu2.6","A low vulnerability in deb package: dpkg, version 1.21.1ubuntu2.3 was found in image envoyproxy/envoy:v1.35.2 at: /var/lib/dpkg/status"
"qubership-jaeger","grype","envoyproxy/envoy:v1.35.2","CVE-2025-13151","High","libtasn1-6","4.18.0-4ubuntu0.1","4.18.0-4ubuntu0.2","A medium vulnerability in deb package: libtasn1-6, version 4.18.0-4ubuntu0.1 was found in image envoyproxy/envoy:v1.35.2 at: /var/lib/dpkg/status"
"qubership-jaeger","grype","envoyproxy/envoy:v1.35.2","CVE-2025-9230","High","libssl3","3.0.2-0ubuntu1.19","3.0.2-0ubuntu1.20","A medium vulnerability in deb package: libssl3, version 3.0.2-0ubuntu1.19 was found in image envoyproxy/envoy:v1.35.2 at: /var/lib/dpkg/status"
"qubership-jaeger","grype","envoyproxy/envoy:v1.35.2","CVE-2025-9230","High","openssl","3.0.2-0ubuntu1.19","3.0.2-0ubuntu1.20","A medium vulnerability in deb package: openssl, version 3.0.2-0ubuntu1.19 was found in image envoyproxy/envoy:v1.35.2 at: /var/lib/dpkg/status"
"qubership-jaeger","grype","envoyproxy/envoy:v1.35.2","CVE-2025-68973","High","gpgv","2.2.27-3ubuntu2.4","2.2.27-3ubuntu2.5","A high vulnerability in deb package: gpgv, version 2.2.27-3ubuntu2.4 was found in image envoyproxy/envoy:v1.35.2 at: /var/lib/dpkg/status"
"qubership-jaeger","grype","envoyproxy/envoy:v1.35.2","CVE-2025-62504","High","envoy","1.35.2","1.33.12,1.34.10,1.35.6,1.36.2","A high vulnerability in binary package: envoy, version 1.35.2 was found in image envoyproxy/envoy:v1.35.2 at: /usr/local/bin/envoy"
"qubership-jaeger","grype","envoyproxy/envoy:v1.35.2","CVE-2025-69420","High","libssl3","3.0.2-0ubuntu1.19","3.0.2-0ubuntu1.21","A low vulnerability in deb package: libssl3, version 3.0.2-0ubuntu1.19 was found in image envoyproxy/envoy:v1.35.2 at: /var/lib/dpkg/status"
"qubership-jaeger","grype","envoyproxy/envoy:v1.35.2","CVE-2025-69420","High","openssl","3.0.2-0ubuntu1.19","3.0.2-0ubuntu1.21","A low vulnerability in deb package: openssl, version 3.0.2-0ubuntu1.19 was found in image envoyproxy/envoy:v1.35.2 at: /var/lib/dpkg/status"
"qubership-jaeger","grype","envoyproxy/envoy:v1.35.2","CVE-2025-62409","High","envoy","1.35.2","1.33.10,1.34.9,1.35.5,1.36.1","A high vulnerability in binary package: envoy, version 1.35.2 was found in image envoyproxy/envoy:v1.35.2 at: /usr/local/bin/envoy"
"qubership-jaeger","grype","envoyproxy/envoy:v1.35.2","CVE-2025-66220","High","envoy","1.35.2","1.33.13,1.34.11,1.35.7,1.36.3","A high vulnerability in binary package: envoy, version 1.35.2 was found in image envoyproxy/envoy:v1.35.2 at: /usr/local/bin/envoy"
"qubership-jaeger","grype","jaegertracing/example-hotrod:1.74.0","CVE-2025-61723","High","stdlib","go1.25.1","1.24.8,1.25.2","A high vulnerability in go-module package: stdlib, version go1.25.1 was found in image jaegertracing/example-hotrod:1.74.0 at: /go/bin/hotrod-linux"
"qubership-jaeger","grype","jaegertracing/example-hotrod:1.74.0","CVE-2025-61725","High","stdlib","go1.25.1","1.24.8,1.25.2","A high vulnerability in go-module package: stdlib, version go1.25.1 was found in image jaegertracing/example-hotrod:1.74.0 at: /go/bin/hotrod-linux"
"qubership-jaeger","grype","jaegertracing/example-hotrod:1.74.0","CVE-2025-61729","High","stdlib","go1.25.1","1.24.11,1.25.5","A high vulnerability in go-module package: stdlib, version go1.25.1 was found in image jaegertracing/example-hotrod:1.74.0 at: /go/bin/hotrod-linux"
"qubership-jaeger","grype","jaegertracing/example-hotrod:1.74.0","CVE-2025-58187","High","stdlib","go1.25.1","1.24.9,1.25.3","A high vulnerability in go-module package: stdlib, version go1.25.1 was found in image jaegertracing/example-hotrod:1.74.0 at: /go/bin/hotrod-linux"
"qubership-jaeger","grype","jaegertracing/example-hotrod:1.74.0","CVE-2025-58188","High","stdlib","go1.25.1","1.24.8,1.25.2","A high vulnerability in go-module package: stdlib, version go1.25.1 was found in image jaegertracing/example-hotrod:1.74.0 at: /go/bin/hotrod-linux"
"qubership-logging-operator","grype","docker.io/fluent/fluent-bit:4.0.1","CVE-2025-32990","High","libgnutls30","3.7.9-2+deb12u4","3.7.9-2+deb12u5","A high vulnerability in deb package: libgnutls30, version 3.7.9-2+deb12u4 was found in image docker.io/fluent/fluent-bit:4.0.1 at: /var/lib/dpkg/status.d/libgnutls30"
"qubership-logging-operator","grype","docker.io/fluent/fluent-bit:4.0.1","CVE-2025-32988","High","libgnutls30","3.7.9-2+deb12u4","3.7.9-2+deb12u5","A high vulnerability in deb package: libgnutls30, version 3.7.9-2+deb12u4 was found in image docker.io/fluent/fluent-bit:4.0.1 at: /var/lib/dpkg/status.d/libgnutls30"
"qubership-logging-operator","grype","docker.io/fluent/fluent-bit:4.0.1","CVE-2025-8715","High","libpq5","15.12-0+deb12u2","15.14-0+deb12u1","A high vulnerability in deb package: libpq5, version 15.12-0+deb12u2 was found in image docker.io/fluent/fluent-bit:4.0.1 at: /var/lib/dpkg/status.d/libpq5"
"qubership-logging-operator","grype","docker.io/fluent/fluent-bit:4.0.1","CVE-2025-69420","High","libssl3","3.0.15-1~deb12u1","3.0.18-1~deb12u2","A high vulnerability in deb package: libssl3, version 3.0.15-1~deb12u1 was found in image docker.io/fluent/fluent-bit:4.0.1 at: /var/lib/dpkg/status.d/libssl3"
"qubership-logging-operator","grype","docker.io/fluent/fluent-bit:4.0.1","CVE-2025-9230","High","libssl3","3.0.15-1~deb12u1","3.0.17-1~deb12u3","A high vulnerability in deb package: libssl3, version 3.0.15-1~deb12u1 was found in image docker.io/fluent/fluent-bit:4.0.1 at: /var/lib/dpkg/status.d/libssl3"
"qubership-logging-operator","grype","docker.io/fluent/fluent-bit:4.0.1","CVE-2025-8714","High","libpq5","15.12-0+deb12u2","15.14-0+deb12u1","A high vulnerability in deb package: libpq5, version 15.12-0+deb12u2 was found in image docker.io/fluent/fluent-bit:4.0.1 at: /var/lib/dpkg/status.d/libpq5"
"qubership-logging-operator","grype","docker.io/fluent/fluent-bit:4.0.1","CVE-2025-24528","High","libgssapi-krb5-2","1.20.1-2+deb12u2","1.20.1-2+deb12u3","A high vulnerability in deb package: libgssapi-krb5-2, version 1.20.1-2+deb12u2 was found in image docker.io/fluent/fluent-bit:4.0.1 at: /var/lib/dpkg/status.d/libgssapi-krb5-2"
"qubership-logging-operator","grype","docker.io/fluent/fluent-bit:4.0.1","CVE-2025-24528","High","libk5crypto3","1.20.1-2+deb12u2","1.20.1-2+deb12u3","A high vulnerability in deb package: libk5crypto3, version 1.20.1-2+deb12u2 was found in image docker.io/fluent/fluent-bit:4.0.1 at: /var/lib/dpkg/status.d/libk5crypto3"
"qubership-logging-operator","grype","docker.io/fluent/fluent-bit:4.0.1","CVE-2025-24528","High","libkrb5-3","1.20.1-2+deb12u2","1.20.1-2+deb12u3","A high vulnerability in deb package: libkrb5-3, version 1.20.1-2+deb12u2 was found in image docker.io/fluent/fluent-bit:4.0.1 at: /var/lib/dpkg/status.d/libkrb5-3"
"qubership-logging-operator","grype","docker.io/fluent/fluent-bit:4.0.1","CVE-2025-24528","High","libkrb5support0","1.20.1-2+deb12u2","1.20.1-2+deb12u3","A high vulnerability in deb package: libkrb5support0, version 1.20.1-2+deb12u2 was found in image docker.io/fluent/fluent-bit:4.0.1 at: /var/lib/dpkg/status.d/libkrb5support0"
"qubership-logging-operator","grype","docker.io/fluent/fluent-bit:4.0.1","CVE-2025-4802","High","libc6","2.36-9+deb12u10","2.36-9+deb12u11","A high vulnerability in deb package: libc6, version 2.36-9+deb12u10 was found in image docker.io/fluent/fluent-bit:4.0.1 at: /var/lib/dpkg/status.d/libc6"
"qubership-monitoring-operator","grype","docker.io/bloomberg/goldpinger:3.10.2","GHSA-6v2p-p543-phr9","High","golang.org/x/oauth2","v0.19.0","0.27.0","A high vulnerability in go-module package: golang.org/x/oauth2, version v0.19.0 was found in image docker.io/bloomberg/goldpinger:3.10.2 at: /goldpinger"
"qubership-monitoring-operator","grype","docker.io/bloomberg/goldpinger:3.10.2","CVE-2025-22871","Critical","stdlib","go1.23.3","1.23.8,1.24.2","A critical vulnerability in go-module package: stdlib, version go1.23.3 was found in image docker.io/bloomberg/goldpinger:3.10.2 at: /goldpinger"
"qubership-monitoring-operator","grype","docker.io/bloomberg/goldpinger:3.10.2","CVE-2025-61723","High","stdlib","go1.23.3","1.24.8,1.25.2","A high vulnerability in go-module package: stdlib, version go1.23.3 was found in image docker.io/bloomberg/goldpinger:3.10.2 at: /goldpinger"
"qubership-monitoring-operator","grype","docker.io/bloomberg/goldpinger:3.10.2","CVE-2025-61725","High","stdlib","go1.23.3","1.24.8,1.25.2","A high vulnerability in go-module package: stdlib, version go1.23.3 was found in image docker.io/bloomberg/goldpinger:3.10.2 at: /goldpinger"
"qubership-monitoring-operator","grype","docker.io/bloomberg/goldpinger:3.10.2","CVE-2025-61729","High","stdlib","go1.23.3","1.24.11,1.25.5","A high vulnerability in go-module package: stdlib, version go1.23.3 was found in image docker.io/bloomberg/goldpinger:3.10.2 at: /goldpinger"
"qubership-monitoring-operator","grype","docker.io/bloomberg/goldpinger:3.10.2","CVE-2025-47907","High","stdlib","go1.23.3","1.23.12,1.24.6","A high vulnerability in go-module package: stdlib, version go1.23.3 was found in image docker.io/bloomberg/goldpinger:3.10.2 at: /goldpinger"
"qubership-monitoring-operator","grype","docker.io/bloomberg/goldpinger:3.10.2","CVE-2025-58187","High","stdlib","go1.23.3","1.24.9,1.25.3","A high vulnerability in go-module package: stdlib, version go1.23.3 was found in image docker.io/bloomberg/goldpinger:3.10.2 at: /goldpinger"
"qubership-monitoring-operator","grype","docker.io/bloomberg/goldpinger:3.10.2","CVE-2025-58188","High","stdlib","go1.23.3","1.24.8,1.25.2","A high vulnerability in go-module package: stdlib, version go1.23.3 was found in image docker.io/bloomberg/goldpinger:3.10.2 at: /goldpinger"
"qubership-monitoring-operator","grype","docker.io/bloomberg/goldpinger:3.10.2","CVE-2025-4674","High","stdlib","go1.23.3","1.23.11,1.24.5","A high vulnerability in go-module package: stdlib, version go1.23.3 was found in image docker.io/bloomberg/goldpinger:3.10.2 at: /goldpinger"
"qubership-monitoring-operator","grype","docker.io/grafana/grafana:11.6.5","GHSA-2c64-vmv2-hgfc","High","github.com/openfga/openfga","v1.8.13","1.11.1","A medium vulnerability in go-module package: github.com/openfga/openfga, version v1.8.13 was found in image docker.io/grafana/grafana:11.6.5 at: /usr/share/grafana/bin/grafana"
"qubership-monitoring-operator","grype","docker.io/grafana/grafana:11.6.5","CVE-2025-61723","High","stdlib","go1.24.6","1.24.8,1.25.2","A high vulnerability in go-module package: stdlib, version go1.24.6 was found in image docker.io/grafana/grafana:11.6.5 at: /usr/share/grafana/bin/grafana-server"
"qubership-monitoring-operator","grype","docker.io/grafana/grafana:11.6.5","CVE-2025-61723","High","stdlib","go1.24.6","1.24.8,1.25.2","A high vulnerability in go-module package: stdlib, version go1.24.6 was found in image docker.io/grafana/grafana:11.6.5 at: /usr/share/grafana/bin/grafana-cli"
"qubership-monitoring-operator","grype","docker.io/grafana/grafana:11.6.5","CVE-2025-61723","High","stdlib","go1.24.6","1.24.8,1.25.2","A high vulnerability in go-module package: stdlib, version go1.24.6 was found in image docker.io/grafana/grafana:11.6.5 at: /usr/share/grafana/bin/grafana"
"qubership-monitoring-operator","grype","docker.io/grafana/grafana:11.6.5","CVE-2025-9086","High","curl","8.14.1-r1","8.14.1-r2","A high vulnerability in apk package: curl, version 8.14.1-r1 was found in image docker.io/grafana/grafana:11.6.5 at: /lib/apk/db/installed"
"qubership-monitoring-operator","grype","docker.io/grafana/grafana:11.6.5","CVE-2025-9086","High","libcurl","8.14.1-r1","8.14.1-r2","A high vulnerability in apk package: libcurl, version 8.14.1-r1 was found in image docker.io/grafana/grafana:11.6.5 at: /lib/apk/db/installed"
"qubership-monitoring-operator","grype","docker.io/grafana/grafana:11.6.5","CVE-2025-61725","High","stdlib","go1.24.6","1.24.8,1.25.2","A high vulnerability in go-module package: stdlib, version go1.24.6 was found in image docker.io/grafana/grafana:11.6.5 at: /usr/share/grafana/bin/grafana-cli"
"qubership-monitoring-operator","grype","docker.io/grafana/grafana:11.6.5","CVE-2025-61725","High","stdlib","go1.24.6","1.24.8,1.25.2","A high vulnerability in go-module package: stdlib, version go1.24.6 was found in image docker.io/grafana/grafana:11.6.5 at: /usr/share/grafana/bin/grafana-server"
"qubership-monitoring-operator","grype","docker.io/grafana/grafana:11.6.5","CVE-2025-61725","High","stdlib","go1.24.6","1.24.8,1.25.2","A high vulnerability in go-module package: stdlib, version go1.24.6 was found in image docker.io/grafana/grafana:11.6.5 at: /usr/share/grafana/bin/grafana"
"qubership-monitoring-operator","grype","docker.io/grafana/grafana:11.6.5","CVE-2025-69420","High","libcrypto3","3.5.1-r0","3.5.5-r0","A high vulnerability in apk package: libcrypto3, version 3.5.1-r0 was found in image docker.io/grafana/grafana:11.6.5 at: /lib/apk/db/installed"
"qubership-monitoring-operator","grype","docker.io/grafana/grafana:11.6.5","CVE-2025-69420","High","libssl3","3.5.1-r0","3.5.5-r0","A high vulnerability in apk package: libssl3, version 3.5.1-r0 was found in image docker.io/grafana/grafana:11.6.5 at: /lib/apk/db/installed"
"qubership-monitoring-operator","grype","docker.io/grafana/grafana:11.6.5","CVE-2025-9230","High","libcrypto3","3.5.1-r0","3.5.4-r0","A high vulnerability in apk package: libcrypto3, version 3.5.1-r0 was found in image docker.io/grafana/grafana:11.6.5 at: /lib/apk/db/installed"
"qubership-monitoring-operator","grype","docker.io/grafana/grafana:11.6.5","CVE-2025-9230","High","libssl3","3.5.1-r0","3.5.4-r0","A high vulnerability in apk package: libssl3, version 3.5.1-r0 was found in image docker.io/grafana/grafana:11.6.5 at: /lib/apk/db/installed"
"qubership-monitoring-operator","grype","docker.io/grafana/grafana:11.6.5","CVE-2025-61729","High","stdlib","go1.24.6","1.24.11,1.25.5","A high vulnerability in go-module package: stdlib, version go1.24.6 was found in image docker.io/grafana/grafana:11.6.5 at: /usr/share/grafana/bin/grafana"
"qubership-monitoring-operator","grype","docker.io/grafana/grafana:11.6.5","CVE-2025-61729","High","stdlib","go1.24.6","1.24.11,1.25.5","A high vulnerability in go-module package: stdlib, version go1.24.6 was found in image docker.io/grafana/grafana:11.6.5 at: /usr/share/grafana/bin/grafana-cli"
"qubership-monitoring-operator","grype","docker.io/grafana/grafana:11.6.5","CVE-2025-61729","High","stdlib","go1.24.6","1.24.11,1.25.5","A high vulnerability in go-module package: stdlib, version go1.24.6 was found in image docker.io/grafana/grafana:11.6.5 at: /usr/share/grafana/bin/grafana-server"
"qubership-monitoring-operator","grype","docker.io/grafana/grafana:11.6.5","CVE-2025-58187","High","stdlib","go1.24.6","1.24.9,1.25.3","A high vulnerability in go-module package: stdlib, version go1.24.6 was found in image docker.io/grafana/grafana:11.6.5 at: /usr/share/grafana/bin/grafana-cli"
"qubership-monitoring-operator","grype","docker.io/grafana/grafana:11.6.5","CVE-2025-58187","High","stdlib","go1.24.6","1.24.9,1.25.3","A high vulnerability in go-module package: stdlib, version go1.24.6 was found in image docker.io/grafana/grafana:11.6.5 at: /usr/share/grafana/bin/grafana"
"qubership-monitoring-operator","grype","docker.io/grafana/grafana:11.6.5","CVE-2025-58187","High","stdlib","go1.24.6","1.24.9,1.25.3","A high vulnerability in go-module package: stdlib, version go1.24.6 was found in image docker.io/grafana/grafana:11.6.5 at: /usr/share/grafana/bin/grafana-server"
"qubership-monitoring-operator","grype","docker.io/grafana/grafana:11.6.5","CVE-2025-58188","High","stdlib","go1.24.6","1.24.8,1.25.2","A high vulnerability in go-module package: stdlib, version go1.24.6 was found in image docker.io/grafana/grafana:11.6.5 at: /usr/share/grafana/bin/grafana-server"
"qubership-monitoring-operator","grype","docker.io/grafana/grafana:11.6.5","CVE-2025-58188","High","stdlib","go1.24.6","1.24.8,1.25.2","A high vulnerability in go-module package: stdlib, version go1.24.6 was found in image docker.io/grafana/grafana:11.6.5 at: /usr/share/grafana/bin/grafana-cli"
"qubership-monitoring-operator","grype","docker.io/grafana/grafana:11.6.5","CVE-2025-58188","High","stdlib","go1.24.6","1.24.8,1.25.2","A high vulnerability in go-module package: stdlib, version go1.24.6 was found in image docker.io/grafana/grafana:11.6.5 at: /usr/share/grafana/bin/grafana"
"qubership-jaeger","grype","ghcr.io/jaegertracing/spark-dependencies/spark-dependencies:latest","GHSA-cfxw-4h78-h7fw","High","dnsjava","2.1.7","3.6.0","A high vulnerability in java-archive package: dnsjava, version 2.1.7 was found in image ghcr.io/jaegertracing/spark-dependencies/spark-dependencies:latest at: /app/app.jar"
"qubership-jaeger","grype","ghcr.io/jaegertracing/spark-dependencies/spark-dependencies:latest","GHSA-fg2v-w576-w4v3","High","json-smart","1.3.2","1.3.3","A high vulnerability in java-archive package: json-smart, version 1.3.2 was found in image ghcr.io/jaegertracing/spark-dependencies/spark-dependencies:latest at: /app/app.jar"
"qubership-jaeger","grype","ghcr.io/jaegertracing/spark-dependencies/spark-dependencies:latest","GHSA-gvpg-vgmx-xg6w","High","nimbus-jose-jwt","9.8.1","9.37.2","A high vulnerability in java-archive package: nimbus-jose-jwt, version 9.8.1 was found in image ghcr.io/jaegertracing/spark-dependencies/spark-dependencies:latest at: /app/app.jar"
"qubership-jaeger","grype","ghcr.io/jaegertracing/spark-dependencies/spark-dependencies:latest","CVE-2026-21945","High","openjdk","21.0.9+10-LTS","1.8.0_482,8.0.482,11.0.30,17.0.18,21.0.10,25.0.2","A high vulnerability in binary package: openjdk, version 21.0.9+10-LTS was found in image ghcr.io/jaegertracing/spark-dependencies/spark-dependencies:latest at: /opt/java/openjdk/release"
"qubership-jaeger","grype","ghcr.io/jaegertracing/spark-dependencies/spark-dependencies:latest","CVE-2025-66293","High","libpng16-16t64","1.6.43-5build1","1.6.43-5ubuntu0.3","A medium vulnerability in deb package: libpng16-16t64, version 1.6.43-5build1 was found in image ghcr.io/jaegertracing/spark-dependencies/spark-dependencies:latest at: /var/lib/dpkg/status"
"qubership-jaeger","grype","ghcr.io/jaegertracing/spark-dependencies/spark-dependencies:latest","CVE-2025-64720","High","libpng16-16t64","1.6.43-5build1","1.6.43-5ubuntu0.1","A medium vulnerability in deb package: libpng16-16t64, version 1.6.43-5build1 was found in image ghcr.io/jaegertracing/spark-dependencies/spark-dependencies:latest at: /var/lib/dpkg/status"
"qubership-jaeger","grype","ghcr.io/jaegertracing/spark-dependencies/spark-dependencies:latest","CVE-2025-13151","High","libtasn1-6","4.19.0-3ubuntu0.24.04.1","4.19.0-3ubuntu0.24.04.2","A medium vulnerability in deb package: libtasn1-6, version 4.19.0-3ubuntu0.24.04.1 was found in image ghcr.io/jaegertracing/spark-dependencies/spark-dependencies:latest at: /var/lib/dpkg/status"
"qubership-jaeger","grype","ghcr.io/jaegertracing/spark-dependencies/spark-dependencies:latest","GHSA-h46c-h94j-95f3","High","jackson-core","2.13.4","2.15.0","A high vulnerability in java-archive package: jackson-core, version 2.13.4 was found in image ghcr.io/jaegertracing/spark-dependencies/spark-dependencies:latest at: /app/app.jar"
"qubership-jaeger","grype","ghcr.io/jaegertracing/spark-dependencies/spark-dependencies:latest","CVE-2026-21932","High","openjdk","21.0.9+10-LTS","1.8.0_482,8.0.482,11.0.30,17.0.18,21.0.10,25.0.2","A high vulnerability in binary package: openjdk, version 21.0.9+10-LTS was found in image ghcr.io/jaegertracing/spark-dependencies/spark-dependencies:latest at: /opt/java/openjdk/release"
"qubership-jaeger","grype","ghcr.io/jaegertracing/spark-dependencies/spark-dependencies:latest","CVE-2025-65018","High","libpng16-16t64","1.6.43-5build1","1.6.43-5ubuntu0.1","A medium vulnerability in deb package: libpng16-16t64, version 1.6.43-5build1 was found in image ghcr.io/jaegertracing/spark-dependencies/spark-dependencies:latest at: /var/lib/dpkg/status"
"qubership-jaeger","grype","ghcr.io/jaegertracing/spark-dependencies/spark-dependencies:latest","CVE-2025-68973","High","dirmngr","2.4.4-2ubuntu17.3","2.4.4-2ubuntu17.4","A high vulnerability in deb package: dirmngr, version 2.4.4-2ubuntu17.3 was found in image ghcr.io/jaegertracing/spark-dependencies/spark-dependencies:latest at: /var/lib/dpkg/status"
"qubership-jaeger","grype","ghcr.io/jaegertracing/spark-dependencies/spark-dependencies:latest","CVE-2025-68973","High","gnupg","2.4.4-2ubuntu17.3","2.4.4-2ubuntu17.4","A high vulnerability in deb package: gnupg, version 2.4.4-2ubuntu17.3 was found in image ghcr.io/jaegertracing/spark-dependencies/spark-dependencies:latest at: /var/lib/dpkg/status"
"qubership-jaeger","grype","ghcr.io/jaegertracing/spark-dependencies/spark-dependencies:latest","CVE-2025-68973","High","gnupg-utils","2.4.4-2ubuntu17.3","2.4.4-2ubuntu17.4","A high vulnerability in deb package: gnupg-utils, version 2.4.4-2ubuntu17.3 was found in image ghcr.io/jaegertracing/spark-dependencies/spark-dependencies:latest at: /var/lib/dpkg/status"
"qubership-jaeger","grype","ghcr.io/jaegertracing/spark-dependencies/spark-dependencies:latest","CVE-2025-68973","High","gpg","2.4.4-2ubuntu17.3","2.4.4-2ubuntu17.4","A high vulnerability in deb package: gpg, version 2.4.4-2ubuntu17.3 was found in image ghcr.io/jaegertracing/spark-dependencies/spark-dependencies:latest at: /var/lib/dpkg/status"
"qubership-jaeger","grype","ghcr.io/jaegertracing/spark-dependencies/spark-dependencies:latest","CVE-2025-68973","High","gpg-agent","2.4.4-2ubuntu17.3","2.4.4-2ubuntu17.4","A high vulnerability in deb package: gpg-agent, version 2.4.4-2ubuntu17.3 was found in image ghcr.io/jaegertracing/spark-dependencies/spark-dependencies:latest at: /var/lib/dpkg/status"
"qubership-jaeger","grype","ghcr.io/jaegertracing/spark-dependencies/spark-dependencies:latest","CVE-2025-68973","High","gpgconf","2.4.4-2ubuntu17.3","2.4.4-2ubuntu17.4","A high vulnerability in deb package: gpgconf, version 2.4.4-2ubuntu17.3 was found in image ghcr.io/jaegertracing/spark-dependencies/spark-dependencies:latest at: /var/lib/dpkg/status"
"qubership-jaeger","grype","ghcr.io/jaegertracing/spark-dependencies/spark-dependencies:latest","CVE-2025-68973","High","gpgsm","2.4.4-2ubuntu17.3","2.4.4-2ubuntu17.4","A high vulnerability in deb package: gpgsm, version 2.4.4-2ubuntu17.3 was found in image ghcr.io/jaegertracing/spark-dependencies/spark-dependencies:latest at: /var/lib/dpkg/status"
"qubership-jaeger","grype","ghcr.io/jaegertracing/spark-dependencies/spark-dependencies:latest","CVE-2025-68973","High","gpgv","2.4.4-2ubuntu17.3","2.4.4-2ubuntu17.4","A high vulnerability in deb package: gpgv, version 2.4.4-2ubuntu17.3 was found in image ghcr.io/jaegertracing/spark-dependencies/spark-dependencies:latest at: /var/lib/dpkg/status"
"qubership-jaeger","grype","ghcr.io/jaegertracing/spark-dependencies/spark-dependencies:latest","CVE-2025-68973","High","keyboxd","2.4.4-2ubuntu17.3","2.4.4-2ubuntu17.4","A high vulnerability in deb package: keyboxd, version 2.4.4-2ubuntu17.3 was found in image ghcr.io/jaegertracing/spark-dependencies/spark-dependencies:latest at: /var/lib/dpkg/status"
"qubership-jaeger","grype","ghcr.io/jaegertracing/spark-dependencies/spark-dependencies:latest","GHSA-493p-pfq6-5258","High","json-smart","1.3.2","2.4.9","A high vulnerability in java-archive package: json-smart, version 1.3.2 was found in image ghcr.io/jaegertracing/spark-dependencies/spark-dependencies:latest at: /app/app.jar"
"qubership-jaeger","grype","ghcr.io/jaegertracing/spark-dependencies/spark-dependencies:latest","CVE-2026-22695","High","libpng16-16t64","1.6.43-5build1","1.6.43-5ubuntu0.3","A medium vulnerability in deb package: libpng16-16t64, version 1.6.43-5build1 was found in image ghcr.io/jaegertracing/spark-dependencies/spark-dependencies:latest at: /var/lib/dpkg/status"
"qubership-jaeger","grype","ghcr.io/jaegertracing/spark-dependencies/spark-dependencies:latest","CVE-2025-69420","High","libssl3t64","3.0.13-0ubuntu3.6","3.0.13-0ubuntu3.7","A low vulnerability in deb package: libssl3t64, version 3.0.13-0ubuntu3.6 was found in image ghcr.io/jaegertracing/spark-dependencies/spark-dependencies:latest at: /var/lib/dpkg/status"
"qubership-jaeger","grype","ghcr.io/jaegertracing/spark-dependencies/spark-dependencies:latest","CVE-2025-69420","High","openssl","3.0.13-0ubuntu3.6","3.0.13-0ubuntu3.7","A low vulnerability in deb package: openssl, version 3.0.13-0ubuntu3.6 was found in image ghcr.io/jaegertracing/spark-dependencies/spark-dependencies:latest at: /var/lib/dpkg/status"
"qubership-jaeger","grype","ghcr.io/jaegertracing/spark-dependencies/spark-dependencies:latest","CVE-2026-22801","High","libpng16-16t64","1.6.43-5build1","1.6.43-5ubuntu0.3","A medium vulnerability in deb package: libpng16-16t64, version 1.6.43-5build1 was found in image ghcr.io/jaegertracing/spark-dependencies/spark-dependencies:latest at: /var/lib/dpkg/status"
"qubership-logging-operator","trivy","docker.io/alpine:3.21.3","CVE-2025-15467","CRITICAL","libcrypto3","3.3.3-r0","3.3.6-r0","Issue summary: Parsing CMS AuthEnvelopedData message with maliciously crafted AEAD parameters can trigger a stack buffer overflow.  Impact summary: A stack buffer overflow may lead to a crash, causing Denial of Service, or potentially remote code execution.  When parsing CMS AuthEnvelopedData structures that use AEAD ciphers such as AES-GCM, the IV (Initialization Vector) encoded in the ASN.1 parameters is copied into a fixed-size stack buffer without verifying that its length fits the destination. An attacker can supply a crafted CMS message with an oversized IV, causing a stack-based out-of-bounds write before any authentication or tag verification occurs.  Applications and services that parse untrusted CMS or PKCS#7 content using AEAD ciphers (e.g., S/MIME AuthEnvelopedData with AES-GCM) are vulnerable. Because the overflow occurs prior to authentication, no valid key material is required to trigger it. While exploitability to remote code execution depends on platform and toolchain mitigations, the stack-based write primitive represents a severe risk.  The FIPS modules in 3.6, 3.5, 3.4, 3.3 and 3.0 are not affected by this issue, as the CMS implementation is outside the OpenSSL FIPS module boundary.  OpenSSL 3.6, 3.5, 3.4, 3.3 and 3.0 are vulnerable to this issue.  OpenSSL 1.1.1 and 1.0.2 are not affected by this issue."
"qubership-logging-operator","trivy","docker.io/alpine:3.21.3","CVE-2025-69419","HIGH","libcrypto3","3.3.3-r0","3.3.6-r0","Issue summary: Calling PKCS12_get_friendlyname() function on a maliciously crafted PKCS#12 file with a BMPString (UTF-16BE) friendly name containing non-ASCII BMP code point can trigger a one byte write before the allocated buffer.  Impact summary: The out-of-bounds write can cause a memory corruption which can have various consequences including a Denial of Service.  The OPENSSL_uni2utf8() function performs a two-pass conversion of a PKCS#12 BMPString (UTF-16BE) to UTF-8. In the second pass, when emitting UTF-8 bytes, the helper function bmp_to_utf8() incorrectly forwards the remaining UTF-16 source byte count as the destination buffer capacity to UTF8_putc(). For BMP code points above U+07FF, UTF-8 requires three bytes, but the forwarded capacity can be just two bytes. UTF8_putc() then returns -1, and this negative value is added to the output length without validation, causing the length to become negative. The subsequent trailing NUL byte is then written at a negative offset, causing write outside of heap allocated buffer.  The vulnerability is reachable via the public PKCS12_get_friendlyname() API when parsing attacker-controlled PKCS#12 files. While PKCS12_parse() uses a different code path that avoids this issue, PKCS12_get_friendlyname() directly invokes the vulnerable function. Exploitation requires an attacker to provide a malicious PKCS#12 file to be parsed by the application and the attacker can just trigger a one zero byte write before the allocated buffer. For that reason the issue was assessed as Low severity according to our Security Policy.  The FIPS modules in 3.6, 3.5, 3.4, 3.3 and 3.0 are not affected by this issue, as the PKCS#12 implementation is outside the OpenSSL FIPS module boundary.  OpenSSL 3.6, 3.5, 3.4, 3.3, 3.0 and 1.1.1 are vulnerable to this issue.  OpenSSL 1.0.2 is not affected by this issue."
"qubership-logging-operator","trivy","docker.io/alpine:3.21.3","CVE-2025-15467","CRITICAL","libssl3","3.3.3-r0","3.3.6-r0","Issue summary: Parsing CMS AuthEnvelopedData message with maliciously crafted AEAD parameters can trigger a stack buffer overflow.  Impact summary: A stack buffer overflow may lead to a crash, causing Denial of Service, or potentially remote code execution.  When parsing CMS AuthEnvelopedData structures that use AEAD ciphers such as AES-GCM, the IV (Initialization Vector) encoded in the ASN.1 parameters is copied into a fixed-size stack buffer without verifying that its length fits the destination. An attacker can supply a crafted CMS message with an oversized IV, causing a stack-based out-of-bounds write before any authentication or tag verification occurs.  Applications and services that parse untrusted CMS or PKCS#7 content using AEAD ciphers (e.g., S/MIME AuthEnvelopedData with AES-GCM) are vulnerable. Because the overflow occurs prior to authentication, no valid key material is required to trigger it. While exploitability to remote code execution depends on platform and toolchain mitigations, the stack-based write primitive represents a severe risk.  The FIPS modules in 3.6, 3.5, 3.4, 3.3 and 3.0 are not affected by this issue, as the CMS implementation is outside the OpenSSL FIPS module boundary.  OpenSSL 3.6, 3.5, 3.4, 3.3 and 3.0 are vulnerable to this issue.  OpenSSL 1.1.1 and 1.0.2 are not affected by this issue."
"qubership-logging-operator","trivy","docker.io/alpine:3.21.3","CVE-2025-69419","HIGH","libssl3","3.3.3-r0","3.3.6-r0","Issue summary: Calling PKCS12_get_friendlyname() function on a maliciously crafted PKCS#12 file with a BMPString (UTF-16BE) friendly name containing non-ASCII BMP code point can trigger a one byte write before the allocated buffer.  Impact summary: The out-of-bounds write can cause a memory corruption which can have various consequences including a Denial of Service.  The OPENSSL_uni2utf8() function performs a two-pass conversion of a PKCS#12 BMPString (UTF-16BE) to UTF-8. In the second pass, when emitting UTF-8 bytes, the helper function bmp_to_utf8() incorrectly forwards the remaining UTF-16 source byte count as the destination buffer capacity to UTF8_putc(). For BMP code points above U+07FF, UTF-8 requires three bytes, but the forwarded capacity can be just two bytes. UTF8_putc() then returns -1, and this negative value is added to the output length without validation, causing the length to become negative. The subsequent trailing NUL byte is then written at a negative offset, causing write outside of heap allocated buffer.  The vulnerability is reachable via the public PKCS12_get_friendlyname() API when parsing attacker-controlled PKCS#12 files. While PKCS12_parse() uses a different code path that avoids this issue, PKCS12_get_friendlyname() directly invokes the vulnerable function. Exploitation requires an attacker to provide a malicious PKCS#12 file to be parsed by the application and the attacker can just trigger a one zero byte write before the allocated buffer. For that reason the issue was assessed as Low severity according to our Security Policy.  The FIPS modules in 3.6, 3.5, 3.4, 3.3 and 3.0 are not affected by this issue, as the PKCS#12 implementation is outside the OpenSSL FIPS module boundary.  OpenSSL 3.6, 3.5, 3.4, 3.3, 3.0 and 1.1.1 are vulnerable to this issue.  OpenSSL 1.0.2 is not affected by this issue."
"qubership-jaeger","trivy","envoyproxy/envoy:v1.35.2","CVE-2025-68973","HIGH","gpgv","2.2.27-3ubuntu2.4","2.2.27-3ubuntu2.5","In GnuPG before 2.4.9, armor_filter in g10/armor.c has two increments of an index variable where one is intended, leading to an out-of-bounds write for crafted input. (For ExtendedLTS, 2.2.51 and later are fixed versions.)"
"qubership-jaeger","trivy","jaegertracing/example-hotrod:1.74.0","CVE-2025-58183","HIGH","stdlib","v1.25.1","1.24.8, 1.25.2","tar.Reader does not set a maximum size on the number of sparse region data blocks in GNU tar pax 1.0 sparse files. A maliciously-crafted archive containing a large number of sparse regions can cause a Reader to read an unbounded amount of data from the archive into memory. When reading from a compressed source, a small compressed input can result in large allocations."
"qubership-jaeger","trivy","jaegertracing/example-hotrod:1.74.0","CVE-2025-61729","HIGH","stdlib","v1.25.1","1.24.11, 1.25.5","Within HostnameError.Error(), when constructing an error string, there is no limit to the number of hosts that will be printed out. Furthermore, the error string is constructed by repeated string concatenation, leading to quadratic runtime. Therefore, a certificate provided by a malicious actor can result in excessive resource consumption."
"qubership-logging-operator","trivy","docker.io/fluent/fluent-bit:4.0.1","CVE-2025-4802","HIGH","libc6","2.36-9+deb12u10","2.36-9+deb12u11","Untrusted LD_LIBRARY_PATH environment variable vulnerability in the GNU C Library version 2.27 to 2.38 allows attacker controlled loading of dynamically shared library in statically compiled setuid binaries that call dlopen (including internal dlopen calls after setlocale or calls to NSS functions such as getaddrinfo)."
"qubership-logging-operator","trivy","docker.io/fluent/fluent-bit:4.0.1","CVE-2025-32988","HIGH","libgnutls30","3.7.9-2+deb12u4","3.7.9-2+deb12u5","A flaw was found in GnuTLS. A double-free vulnerability exists in GnuTLS due to incorrect ownership handling in the export logic of Subject Alternative Name (SAN) entries containing an otherName. If the type-id OID is invalid or malformed, GnuTLS will call asn1_delete_structure() on an ASN.1 node it does not own, leading to a double-free condition when the parent function or caller later attempts to free the same structure.  This vulnerability can be triggered using only public GnuTLS APIs and may result in denial of service or memory corruption, depending on allocator behavior."
"qubership-logging-operator","trivy","docker.io/fluent/fluent-bit:4.0.1","CVE-2025-32990","HIGH","libgnutls30","3.7.9-2+deb12u4","3.7.9-2+deb12u5","A heap-buffer-overflow (off-by-one) flaw was found in the GnuTLS software in the template parsing logic within the certtool utility. When it reads certain settings from a template file, it allows an attacker to cause an out-of-bounds (OOB) NULL pointer write, resulting in memory corruption and a denial-of-service (DoS) that could potentially crash the system."
"qubership-logging-operator","trivy","docker.io/fluent/fluent-bit:4.0.1","CVE-2025-12818","HIGH","libpq5","15.12-0+deb12u2","15.15-0+deb12u1","Integer wraparound in multiple PostgreSQL libpq client library functions allows an application input provider or network peer to cause libpq to undersize an allocation and write out-of-bounds by hundreds of megabytes.  This results in a segmentation fault for the application using libpq.  Versions before PostgreSQL 18.1, 17.7, 16.11, 15.15, 14.20, and 13.23 are affected."
"qubership-logging-operator","trivy","docker.io/fluent/fluent-bit:4.0.1","CVE-2025-8714","HIGH","libpq5","15.12-0+deb12u2","15.14-0+deb12u1","Untrusted data inclusion in pg_dump in PostgreSQL allows a malicious superuser of the origin server to inject arbitrary code for restore-time execution as the client operating system account running psql to restore the dump, via psql meta-commands.  pg_dumpall is also affected.  pg_restore is affected when used to generate a plain-format dump.  This is similar to MySQL CVE-2024-21096.  Versions before PostgreSQL 17.6, 16.10, 15.14, 14.19, and 13.22 are affected."
"qubership-logging-operator","trivy","docker.io/fluent/fluent-bit:4.0.1","CVE-2025-8715","HIGH","libpq5","15.12-0+deb12u2","15.14-0+deb12u1","Improper neutralization of newlines in pg_dump in PostgreSQL allows a user of the origin server to inject arbitrary code for restore-time execution as the client operating system account running psql to restore the dump, via psql meta-commands inside a purpose-crafted object name.  The same attacks can achieve SQL injection as a superuser of the restore target server.  pg_dumpall, pg_restore, and pg_upgrade are also affected.  Versions before PostgreSQL 17.6, 16.10, 15.14, 14.19, and 13.22 are affected.  Versions before 11.20 are unaffected.  CVE-2012-0868 had fixed this class of problem, but version 11.20 reintroduced it."
"qubership-logging-operator","trivy","docker.io/fluent/fluent-bit:4.0.1","CVE-2025-15467","CRITICAL","libssl3","3.0.15-1~deb12u1","3.0.18-1~deb12u2","Issue summary: Parsing CMS AuthEnvelopedData message with maliciously crafted AEAD parameters can trigger a stack buffer overflow.  Impact summary: A stack buffer overflow may lead to a crash, causing Denial of Service, or potentially remote code execution.  When parsing CMS AuthEnvelopedData structures that use AEAD ciphers such as AES-GCM, the IV (Initialization Vector) encoded in the ASN.1 parameters is copied into a fixed-size stack buffer without verifying that its length fits the destination. An attacker can supply a crafted CMS message with an oversized IV, causing a stack-based out-of-bounds write before any authentication or tag verification occurs.  Applications and services that parse untrusted CMS or PKCS#7 content using AEAD ciphers (e.g., S/MIME AuthEnvelopedData with AES-GCM) are vulnerable. Because the overflow occurs prior to authentication, no valid key material is required to trigger it. While exploitability to remote code execution depends on platform and toolchain mitigations, the stack-based write primitive represents a severe risk.  The FIPS modules in 3.6, 3.5, 3.4, 3.3 and 3.0 are not affected by this issue, as the CMS implementation is outside the OpenSSL FIPS module boundary.  OpenSSL 3.6, 3.5, 3.4, 3.3 and 3.0 are vulnerable to this issue.  OpenSSL 1.1.1 and 1.0.2 are not affected by this issue."
"qubership-logging-operator","trivy","docker.io/fluent/fluent-bit:4.0.1","CVE-2025-69419","HIGH","libssl3","3.0.15-1~deb12u1","3.0.18-1~deb12u2","Issue summary: Calling PKCS12_get_friendlyname() function on a maliciously crafted PKCS#12 file with a BMPString (UTF-16BE) friendly name containing non-ASCII BMP code point can trigger a one byte write before the allocated buffer.  Impact summary: The out-of-bounds write can cause a memory corruption which can have various consequences including a Denial of Service.  The OPENSSL_uni2utf8() function performs a two-pass conversion of a PKCS#12 BMPString (UTF-16BE) to UTF-8. In the second pass, when emitting UTF-8 bytes, the helper function bmp_to_utf8() incorrectly forwards the remaining UTF-16 source byte count as the destination buffer capacity to UTF8_putc(). For BMP code points above U+07FF, UTF-8 requires three bytes, but the forwarded capacity can be just two bytes. UTF8_putc() then returns -1, and this negative value is added to the output length without validation, causing the length to become negative. The subsequent trailing NUL byte is then written at a negative offset, causing write outside of heap allocated buffer.  The vulnerability is reachable via the public PKCS12_get_friendlyname() API when parsing attacker-controlled PKCS#12 files. While PKCS12_parse() uses a different code path that avoids this issue, PKCS12_get_friendlyname() directly invokes the vulnerable function. Exploitation requires an attacker to provide a malicious PKCS#12 file to be parsed by the application and the attacker can just trigger a one zero byte write before the allocated buffer. For that reason the issue was assessed as Low severity according to our Security Policy.  The FIPS modules in 3.6, 3.5, 3.4, 3.3 and 3.0 are not affected by this issue, as the PKCS#12 implementation is outside the OpenSSL FIPS module boundary.  OpenSSL 3.6, 3.5, 3.4, 3.3, 3.0 and 1.1.1 are vulnerable to this issue.  OpenSSL 1.0.2 is not affected by this issue."
"qubership-monitoring-operator","trivy","docker.io/bloomberg/goldpinger:3.10.2","CVE-2025-22868","HIGH","golang.org/x/oauth2","v0.19.0","0.27.0","An attacker can pass a malicious malformed token which causes unexpected memory to be consumed during parsing."
"qubership-monitoring-operator","trivy","docker.io/bloomberg/goldpinger:3.10.2","CVE-2025-47907","HIGH","stdlib","v1.23.3","1.23.12, 1.24.6","Cancelling a query (e.g. by cancelling the context passed to one of the query methods) during a call to the Scan method of the returned Rows can result in unexpected results if other queries are being made in parallel. This can result in a race condition that may overwrite the expected results with those of another query, causing the call to Scan to return either unexpected results from the other query or an error."
"qubership-monitoring-operator","trivy","docker.io/bloomberg/goldpinger:3.10.2","CVE-2025-58183","HIGH","stdlib","v1.23.3","1.24.8, 1.25.2","tar.Reader does not set a maximum size on the number of sparse region data blocks in GNU tar pax 1.0 sparse files. A maliciously-crafted archive containing a large number of sparse regions can cause a Reader to read an unbounded amount of data from the archive into memory. When reading from a compressed source, a small compressed input can result in large allocations."
"qubership-monitoring-operator","trivy","docker.io/bloomberg/goldpinger:3.10.2","CVE-2025-61729","HIGH","stdlib","v1.23.3","1.24.11, 1.25.5","Within HostnameError.Error(), when constructing an error string, there is no limit to the number of hosts that will be printed out. Furthermore, the error string is constructed by repeated string concatenation, leading to quadratic runtime. Therefore, a certificate provided by a malicious actor can result in excessive resource consumption."
"qubership-monitoring-operator","trivy","docker.io/grafana/grafana:11.6.5","CVE-2025-15467","CRITICAL","libcrypto3","3.5.1-r0","3.5.5-r0","Issue summary: Parsing CMS AuthEnvelopedData message with maliciously crafted AEAD parameters can trigger a stack buffer overflow.  Impact summary: A stack buffer overflow may lead to a crash, causing Denial of Service, or potentially remote code execution.  When parsing CMS AuthEnvelopedData structures that use AEAD ciphers such as AES-GCM, the IV (Initialization Vector) encoded in the ASN.1 parameters is copied into a fixed-size stack buffer without verifying that its length fits the destination. An attacker can supply a crafted CMS message with an oversized IV, causing a stack-based out-of-bounds write before any authentication or tag verification occurs.  Applications and services that parse untrusted CMS or PKCS#7 content using AEAD ciphers (e.g., S/MIME AuthEnvelopedData with AES-GCM) are vulnerable. Because the overflow occurs prior to authentication, no valid key material is required to trigger it. While exploitability to remote code execution depends on platform and toolchain mitigations, the stack-based write primitive represents a severe risk.  The FIPS modules in 3.6, 3.5, 3.4, 3.3 and 3.0 are not affected by this issue, as the CMS implementation is outside the OpenSSL FIPS module boundary.  OpenSSL 3.6, 3.5, 3.4, 3.3 and 3.0 are vulnerable to this issue.  OpenSSL 1.1.1 and 1.0.2 are not affected by this issue."
"qubership-monitoring-operator","trivy","docker.io/grafana/grafana:11.6.5","CVE-2025-69419","HIGH","libcrypto3","3.5.1-r0","3.5.5-r0","Issue summary: Calling PKCS12_get_friendlyname() function on a maliciously crafted PKCS#12 file with a BMPString (UTF-16BE) friendly name containing non-ASCII BMP code point can trigger a one byte write before the allocated buffer.  Impact summary: The out-of-bounds write can cause a memory corruption which can have various consequences including a Denial of Service.  The OPENSSL_uni2utf8() function performs a two-pass conversion of a PKCS#12 BMPString (UTF-16BE) to UTF-8. In the second pass, when emitting UTF-8 bytes, the helper function bmp_to_utf8() incorrectly forwards the remaining UTF-16 source byte count as the destination buffer capacity to UTF8_putc(). For BMP code points above U+07FF, UTF-8 requires three bytes, but the forwarded capacity can be just two bytes. UTF8_putc() then returns -1, and this negative value is added to the output length without validation, causing the length to become negative. The subsequent trailing NUL byte is then written at a negative offset, causing write outside of heap allocated buffer.  The vulnerability is reachable via the public PKCS12_get_friendlyname() API when parsing attacker-controlled PKCS#12 files. While PKCS12_parse() uses a different code path that avoids this issue, PKCS12_get_friendlyname() directly invokes the vulnerable function. Exploitation requires an attacker to provide a malicious PKCS#12 file to be parsed by the application and the attacker can just trigger a one zero byte write before the allocated buffer. For that reason the issue was assessed as Low severity according to our Security Policy.  The FIPS modules in 3.6, 3.5, 3.4, 3.3 and 3.0 are not affected by this issue, as the PKCS#12 implementation is outside the OpenSSL FIPS module boundary.  OpenSSL 3.6, 3.5, 3.4, 3.3, 3.0 and 1.1.1 are vulnerable to this issue.  OpenSSL 1.0.2 is not affected by this issue."
"qubership-monitoring-operator","trivy","docker.io/grafana/grafana:11.6.5","CVE-2025-15467","CRITICAL","libssl3","3.5.1-r0","3.5.5-r0","Issue summary: Parsing CMS AuthEnvelopedData message with maliciously crafted AEAD parameters can trigger a stack buffer overflow.  Impact summary: A stack buffer overflow may lead to a crash, causing Denial of Service, or potentially remote code execution.  When parsing CMS AuthEnvelopedData structures that use AEAD ciphers such as AES-GCM, the IV (Initialization Vector) encoded in the ASN.1 parameters is copied into a fixed-size stack buffer without verifying that its length fits the destination. An attacker can supply a crafted CMS message with an oversized IV, causing a stack-based out-of-bounds write before any authentication or tag verification occurs.  Applications and services that parse untrusted CMS or PKCS#7 content using AEAD ciphers (e.g., S/MIME AuthEnvelopedData with AES-GCM) are vulnerable. Because the overflow occurs prior to authentication, no valid key material is required to trigger it. While exploitability to remote code execution depends on platform and toolchain mitigations, the stack-based write primitive represents a severe risk.  The FIPS modules in 3.6, 3.5, 3.4, 3.3 and 3.0 are not affected by this issue, as the CMS implementation is outside the OpenSSL FIPS module boundary.  OpenSSL 3.6, 3.5, 3.4, 3.3 and 3.0 are vulnerable to this issue.  OpenSSL 1.1.1 and 1.0.2 are not affected by this issue."
"qubership-monitoring-operator","trivy","docker.io/grafana/grafana:11.6.5","CVE-2025-69419","HIGH","libssl3","3.5.1-r0","3.5.5-r0","Issue summary: Calling PKCS12_get_friendlyname() function on a maliciously crafted PKCS#12 file with a BMPString (UTF-16BE) friendly name containing non-ASCII BMP code point can trigger a one byte write before the allocated buffer.  Impact summary: The out-of-bounds write can cause a memory corruption which can have various consequences including a Denial of Service.  The OPENSSL_uni2utf8() function performs a two-pass conversion of a PKCS#12 BMPString (UTF-16BE) to UTF-8. In the second pass, when emitting UTF-8 bytes, the helper function bmp_to_utf8() incorrectly forwards the remaining UTF-16 source byte count as the destination buffer capacity to UTF8_putc(). For BMP code points above U+07FF, UTF-8 requires three bytes, but the forwarded capacity can be just two bytes. UTF8_putc() then returns -1, and this negative value is added to the output length without validation, causing the length to become negative. The subsequent trailing NUL byte is then written at a negative offset, causing write outside of heap allocated buffer.  The vulnerability is reachable via the public PKCS12_get_friendlyname() API when parsing attacker-controlled PKCS#12 files. While PKCS12_parse() uses a different code path that avoids this issue, PKCS12_get_friendlyname() directly invokes the vulnerable function. Exploitation requires an attacker to provide a malicious PKCS#12 file to be parsed by the application and the attacker can just trigger a one zero byte write before the allocated buffer. For that reason the issue was assessed as Low severity according to our Security Policy.  The FIPS modules in 3.6, 3.5, 3.4, 3.3 and 3.0 are not affected by this issue, as the PKCS#12 implementation is outside the OpenSSL FIPS module boundary.  OpenSSL 3.6, 3.5, 3.4, 3.3, 3.0 and 1.1.1 are vulnerable to this issue.  OpenSSL 1.0.2 is not affected by this issue."
"qubership-monitoring-operator","trivy","docker.io/grafana/grafana:11.6.5","CVE-2018-15727","CRITICAL","github.com/grafana/grafana","v0.0.0-20250808195315-7d067d343a36+dirty","4.6.4, 5.2.3","Grafana 2.x, 3.x, and 4.x before 4.6.4 and 5.x before 5.2.3 allows authentication bypass because an attacker can generate a valid ""remember me"" cookie knowing only a username of an LDAP or OAuth user."
"qubership-monitoring-operator","trivy","docker.io/grafana/grafana:11.6.5","CVE-2023-3128","CRITICAL","github.com/grafana/grafana","v0.0.0-20250808195315-7d067d343a36+dirty","9.4.13, 9.3.16, 9.2.20, 8.5.27","Grafana is validating Azure AD accounts based on the email claim.   On Azure AD, the profile email field is not unique and can be easily modified.   This leads to account takeover and authentication bypass when Azure AD OAuth is configured with a multi-tenant app."
"qubership-monitoring-operator","trivy","docker.io/grafana/grafana:11.6.5","CVE-2020-12458","HIGH","github.com/grafana/grafana","v0.0.0-20250808195315-7d067d343a36+dirty","7.2.1","An information-disclosure flaw was found in Grafana through 6.7.3. The database directory /var/lib/grafana and database file /var/lib/grafana/grafana.db are world readable. This can result in exposure of sensitive information (e.g., cleartext or encrypted datasource passwords)."
"qubership-monitoring-operator","trivy","docker.io/grafana/grafana:11.6.5","CVE-2021-39226","HIGH","github.com/grafana/grafana","v0.0.0-20250808195315-7d067d343a36+dirty","7.5.11, 8.1.6","Grafana is an open source data visualization platform. In affected versions unauthenticated and authenticated users are able to view the snapshot with the lowest database key by accessing the literal paths: /dashboard/snapshot/:key, or /api/snapshots/:key. If the snapshot ""public_mode"" configuration setting is set to true (vs default of false), unauthenticated users are able to delete the snapshot with the lowest database key by accessing the literal path: /api/snapshots-delete/:deleteKey. Regardless of the snapshot ""public_mode"" setting, authenticated users are able to delete the snapshot with the lowest database key by accessing the literal paths: /api/snapshots/:key, or /api/snapshots-delete/:deleteKey. The combination of deletion and viewing enables a complete walk through all snapshot data while resulting in complete snapshot data loss. This issue has been resolved in versions 8.1.6 and 7.5.11. If for some reason you cannot upgrade you can use a reverse proxy or similar to block access to the literal paths: /api/snapshots/:key, /api/snapshots-delete/:deleteKey, /dashboard/snapshot/:key, and /api/snapshots/:key. They have no normal function and can be disabled without side effects."
"qubership-monitoring-operator","trivy","docker.io/grafana/grafana:11.6.5","CVE-2022-35957","HIGH","github.com/grafana/grafana","v0.0.0-20250808195315-7d067d343a36+dirty","9.1.6, 9.0.9, 8.5.13","Grafana is an open-source platform for monitoring and observability. Versions prior to 9.1.6 and 8.5.13 are vulnerable to an escalation from admin to server admin when auth proxy is used, allowing an admin to take over the server admin account and gain full control of the grafana instance. All installations should be upgraded as soon as possible. As a workaround deactivate auth proxy following the instructions at: https://grafana.com/docs/grafana/latest/setup-grafana/configure-security/configure-authentication/auth-proxy/"
"qubership-monitoring-operator","trivy","docker.io/grafana/grafana:11.6.5","CVE-2022-39307","HIGH","github.com/grafana/grafana","v0.0.0-20250808195315-7d067d343a36+dirty","9.2.4, 8.5.15","Grafana is an open-source platform for monitoring and observability. When using the forget password on the login page, a POST request is made to the `/api/user/password/sent-reset-email` URL. When the username or email does not exist, a JSON response contains a “user not found” message. This leaks information to unauthenticated users and introduces a security risk. This issue has been patched in 9.2.4 and backported to 8.5.15. There are no known workarounds."
"qubership-monitoring-operator","trivy","docker.io/grafana/grafana:11.6.5","CVE-2023-2801","HIGH","github.com/grafana/grafana","v0.0.0-20250808195315-7d067d343a36+dirty","9.4.12, 9.5.3","Grafana is an open-source platform for monitoring and observability.   Using public dashboards users can query multiple distinct data sources using mixed queries. However such query has a possibility of crashing a Grafana instance.  The only feature that uses mixed queries at the moment is public dashboards, but it's also possible to cause this by calling the query API directly.  This might enable malicious users to crash Grafana instances through that endpoint.  Users may upgrade to version 9.4.12 and 9.5.3 to receive a fix."
"qubership-monitoring-operator","trivy","docker.io/grafana/grafana:11.6.5","CVE-2025-6023","HIGH","github.com/grafana/grafana","v0.0.0-20250808195315-7d067d343a36+dirty","1.9.2-0.20250521205822-0ba0b99665a9","An open redirect vulnerability has been identified in Grafana OSS that can be exploited to achieve XSS attacks. The vulnerability was introduced in Grafana v11.5.0.  The open redirect can be chained with path traversal vulnerabilities to achieve XSS.  Fixed in versions 12.0.2+security-01, 11.6.3+security-01, 11.5.6+security-01, 11.4.6+security-01 and 11.3.8+security-01"
"qubership-monitoring-operator","trivy","docker.io/grafana/grafana:11.6.5","CVE-2025-58183","HIGH","stdlib","v1.24.6","1.24.8, 1.25.2","tar.Reader does not set a maximum size on the number of sparse region data blocks in GNU tar pax 1.0 sparse files. A maliciously-crafted archive containing a large number of sparse regions can cause a Reader to read an unbounded amount of data from the archive into memory. When reading from a compressed source, a small compressed input can result in large allocations."
"qubership-monitoring-operator","trivy","docker.io/grafana/grafana:11.6.5","CVE-2025-61729","HIGH","stdlib","v1.24.6","1.24.11, 1.25.5","Within HostnameError.Error(), when constructing an error string, there is no limit to the number of hosts that will be printed out. Furthermore, the error string is constructed by repeated string concatenation, leading to quadratic runtime. Therefore, a certificate provided by a malicious actor can result in excessive resource consumption."
"qubership-monitoring-operator","trivy","docker.io/grafana/grafana:11.6.5","CVE-2018-15727","CRITICAL","github.com/grafana/grafana","v0.0.0-20250808195315-7d067d343a36+dirty","4.6.4, 5.2.3","Grafana 2.x, 3.x, and 4.x before 4.6.4 and 5.x before 5.2.3 allows authentication bypass because an attacker can generate a valid ""remember me"" cookie knowing only a username of an LDAP or OAuth user."
"qubership-monitoring-operator","trivy","docker.io/grafana/grafana:11.6.5","CVE-2023-3128","CRITICAL","github.com/grafana/grafana","v0.0.0-20250808195315-7d067d343a36+dirty","9.4.13, 9.3.16, 9.2.20, 8.5.27","Grafana is validating Azure AD accounts based on the email claim.   On Azure AD, the profile email field is not unique and can be easily modified.   This leads to account takeover and authentication bypass when Azure AD OAuth is configured with a multi-tenant app."
"qubership-monitoring-operator","trivy","docker.io/grafana/grafana:11.6.5","CVE-2020-12458","HIGH","github.com/grafana/grafana","v0.0.0-20250808195315-7d067d343a36+dirty","7.2.1","An information-disclosure flaw was found in Grafana through 6.7.3. The database directory /var/lib/grafana and database file /var/lib/grafana/grafana.db are world readable. This can result in exposure of sensitive information (e.g., cleartext or encrypted datasource passwords)."
"qubership-monitoring-operator","trivy","docker.io/grafana/grafana:11.6.5","CVE-2021-39226","HIGH","github.com/grafana/grafana","v0.0.0-20250808195315-7d067d343a36+dirty","7.5.11, 8.1.6","Grafana is an open source data visualization platform. In affected versions unauthenticated and authenticated users are able to view the snapshot with the lowest database key by accessing the literal paths: /dashboard/snapshot/:key, or /api/snapshots/:key. If the snapshot ""public_mode"" configuration setting is set to true (vs default of false), unauthenticated users are able to delete the snapshot with the lowest database key by accessing the literal path: /api/snapshots-delete/:deleteKey. Regardless of the snapshot ""public_mode"" setting, authenticated users are able to delete the snapshot with the lowest database key by accessing the literal paths: /api/snapshots/:key, or /api/snapshots-delete/:deleteKey. The combination of deletion and viewing enables a complete walk through all snapshot data while resulting in complete snapshot data loss. This issue has been resolved in versions 8.1.6 and 7.5.11. If for some reason you cannot upgrade you can use a reverse proxy or similar to block access to the literal paths: /api/snapshots/:key, /api/snapshots-delete/:deleteKey, /dashboard/snapshot/:key, and /api/snapshots/:key. They have no normal function and can be disabled without side effects."
"qubership-monitoring-operator","trivy","docker.io/grafana/grafana:11.6.5","CVE-2022-35957","HIGH","github.com/grafana/grafana","v0.0.0-20250808195315-7d067d343a36+dirty","9.1.6, 9.0.9, 8.5.13","Grafana is an open-source platform for monitoring and observability. Versions prior to 9.1.6 and 8.5.13 are vulnerable to an escalation from admin to server admin when auth proxy is used, allowing an admin to take over the server admin account and gain full control of the grafana instance. All installations should be upgraded as soon as possible. As a workaround deactivate auth proxy following the instructions at: https://grafana.com/docs/grafana/latest/setup-grafana/configure-security/configure-authentication/auth-proxy/"
"qubership-monitoring-operator","trivy","docker.io/grafana/grafana:11.6.5","CVE-2022-39307","HIGH","github.com/grafana/grafana","v0.0.0-20250808195315-7d067d343a36+dirty","9.2.4, 8.5.15","Grafana is an open-source platform for monitoring and observability. When using the forget password on the login page, a POST request is made to the `/api/user/password/sent-reset-email` URL. When the username or email does not exist, a JSON response contains a “user not found” message. This leaks information to unauthenticated users and introduces a security risk. This issue has been patched in 9.2.4 and backported to 8.5.15. There are no known workarounds."
"qubership-monitoring-operator","trivy","docker.io/grafana/grafana:11.6.5","CVE-2023-2801","HIGH","github.com/grafana/grafana","v0.0.0-20250808195315-7d067d343a36+dirty","9.4.12, 9.5.3","Grafana is an open-source platform for monitoring and observability.   Using public dashboards users can query multiple distinct data sources using mixed queries. However such query has a possibility of crashing a Grafana instance.  The only feature that uses mixed queries at the moment is public dashboards, but it's also possible to cause this by calling the query API directly.  This might enable malicious users to crash Grafana instances through that endpoint.  Users may upgrade to version 9.4.12 and 9.5.3 to receive a fix."
"qubership-monitoring-operator","trivy","docker.io/grafana/grafana:11.6.5","CVE-2025-6023","HIGH","github.com/grafana/grafana","v0.0.0-20250808195315-7d067d343a36+dirty","1.9.2-0.20250521205822-0ba0b99665a9","An open redirect vulnerability has been identified in Grafana OSS that can be exploited to achieve XSS attacks. The vulnerability was introduced in Grafana v11.5.0.  The open redirect can be chained with path traversal vulnerabilities to achieve XSS.  Fixed in versions 12.0.2+security-01, 11.6.3+security-01, 11.5.6+security-01, 11.4.6+security-01 and 11.3.8+security-01"
"qubership-monitoring-operator","trivy","docker.io/grafana/grafana:11.6.5","CVE-2025-58183","HIGH","stdlib","v1.24.6","1.24.8, 1.25.2","tar.Reader does not set a maximum size on the number of sparse region data blocks in GNU tar pax 1.0 sparse files. A maliciously-crafted archive containing a large number of sparse regions can cause a Reader to read an unbounded amount of data from the archive into memory. When reading from a compressed source, a small compressed input can result in large allocations."
"qubership-monitoring-operator","trivy","docker.io/grafana/grafana:11.6.5","CVE-2025-61729","HIGH","stdlib","v1.24.6","1.24.11, 1.25.5","Within HostnameError.Error(), when constructing an error string, there is no limit to the number of hosts that will be printed out. Furthermore, the error string is constructed by repeated string concatenation, leading to quadratic runtime. Therefore, a certificate provided by a malicious actor can result in excessive resource consumption."
"qubership-monitoring-operator","trivy","docker.io/grafana/grafana:11.6.5","CVE-2018-15727","CRITICAL","github.com/grafana/grafana","v0.0.0-20250808195315-7d067d343a36+dirty","4.6.4, 5.2.3","Grafana 2.x, 3.x, and 4.x before 4.6.4 and 5.x before 5.2.3 allows authentication bypass because an attacker can generate a valid ""remember me"" cookie knowing only a username of an LDAP or OAuth user."
"qubership-monitoring-operator","trivy","docker.io/grafana/grafana:11.6.5","CVE-2023-3128","CRITICAL","github.com/grafana/grafana","v0.0.0-20250808195315-7d067d343a36+dirty","9.4.13, 9.3.16, 9.2.20, 8.5.27","Grafana is validating Azure AD accounts based on the email claim.   On Azure AD, the profile email field is not unique and can be easily modified.   This leads to account takeover and authentication bypass when Azure AD OAuth is configured with a multi-tenant app."
"qubership-monitoring-operator","trivy","docker.io/grafana/grafana:11.6.5","CVE-2020-12458","HIGH","github.com/grafana/grafana","v0.0.0-20250808195315-7d067d343a36+dirty","7.2.1","An information-disclosure flaw was found in Grafana through 6.7.3. The database directory /var/lib/grafana and database file /var/lib/grafana/grafana.db are world readable. This can result in exposure of sensitive information (e.g., cleartext or encrypted datasource passwords)."
"qubership-monitoring-operator","trivy","docker.io/grafana/grafana:11.6.5","CVE-2021-39226","HIGH","github.com/grafana/grafana","v0.0.0-20250808195315-7d067d343a36+dirty","7.5.11, 8.1.6","Grafana is an open source data visualization platform. In affected versions unauthenticated and authenticated users are able to view the snapshot with the lowest database key by accessing the literal paths: /dashboard/snapshot/:key, or /api/snapshots/:key. If the snapshot ""public_mode"" configuration setting is set to true (vs default of false), unauthenticated users are able to delete the snapshot with the lowest database key by accessing the literal path: /api/snapshots-delete/:deleteKey. Regardless of the snapshot ""public_mode"" setting, authenticated users are able to delete the snapshot with the lowest database key by accessing the literal paths: /api/snapshots/:key, or /api/snapshots-delete/:deleteKey. The combination of deletion and viewing enables a complete walk through all snapshot data while resulting in complete snapshot data loss. This issue has been resolved in versions 8.1.6 and 7.5.11. If for some reason you cannot upgrade you can use a reverse proxy or similar to block access to the literal paths: /api/snapshots/:key, /api/snapshots-delete/:deleteKey, /dashboard/snapshot/:key, and /api/snapshots/:key. They have no normal function and can be disabled without side effects."
"qubership-monitoring-operator","trivy","docker.io/grafana/grafana:11.6.5","CVE-2022-35957","HIGH","github.com/grafana/grafana","v0.0.0-20250808195315-7d067d343a36+dirty","9.1.6, 9.0.9, 8.5.13","Grafana is an open-source platform for monitoring and observability. Versions prior to 9.1.6 and 8.5.13 are vulnerable to an escalation from admin to server admin when auth proxy is used, allowing an admin to take over the server admin account and gain full control of the grafana instance. All installations should be upgraded as soon as possible. As a workaround deactivate auth proxy following the instructions at: https://grafana.com/docs/grafana/latest/setup-grafana/configure-security/configure-authentication/auth-proxy/"
"qubership-monitoring-operator","trivy","docker.io/grafana/grafana:11.6.5","CVE-2022-39307","HIGH","github.com/grafana/grafana","v0.0.0-20250808195315-7d067d343a36+dirty","9.2.4, 8.5.15","Grafana is an open-source platform for monitoring and observability. When using the forget password on the login page, a POST request is made to the `/api/user/password/sent-reset-email` URL. When the username or email does not exist, a JSON response contains a “user not found” message. This leaks information to unauthenticated users and introduces a security risk. This issue has been patched in 9.2.4 and backported to 8.5.15. There are no known workarounds."
"qubership-monitoring-operator","trivy","docker.io/grafana/grafana:11.6.5","CVE-2023-2801","HIGH","github.com/grafana/grafana","v0.0.0-20250808195315-7d067d343a36+dirty","9.4.12, 9.5.3","Grafana is an open-source platform for monitoring and observability.   Using public dashboards users can query multiple distinct data sources using mixed queries. However such query has a possibility of crashing a Grafana instance.  The only feature that uses mixed queries at the moment is public dashboards, but it's also possible to cause this by calling the query API directly.  This might enable malicious users to crash Grafana instances through that endpoint.  Users may upgrade to version 9.4.12 and 9.5.3 to receive a fix."
"qubership-monitoring-operator","trivy","docker.io/grafana/grafana:11.6.5","CVE-2025-6023","HIGH","github.com/grafana/grafana","v0.0.0-20250808195315-7d067d343a36+dirty","1.9.2-0.20250521205822-0ba0b99665a9","An open redirect vulnerability has been identified in Grafana OSS that can be exploited to achieve XSS attacks. The vulnerability was introduced in Grafana v11.5.0.  The open redirect can be chained with path traversal vulnerabilities to achieve XSS.  Fixed in versions 12.0.2+security-01, 11.6.3+security-01, 11.5.6+security-01, 11.4.6+security-01 and 11.3.8+security-01"
"qubership-monitoring-operator","trivy","docker.io/grafana/grafana:11.6.5","CVE-2025-58183","HIGH","stdlib","v1.24.6","1.24.8, 1.25.2","tar.Reader does not set a maximum size on the number of sparse region data blocks in GNU tar pax 1.0 sparse files. A maliciously-crafted archive containing a large number of sparse regions can cause a Reader to read an unbounded amount of data from the archive into memory. When reading from a compressed source, a small compressed input can result in large allocations."
"qubership-monitoring-operator","trivy","docker.io/grafana/grafana:11.6.5","CVE-2025-61729","HIGH","stdlib","v1.24.6","1.24.11, 1.25.5","Within HostnameError.Error(), when constructing an error string, there is no limit to the number of hosts that will be printed out. Furthermore, the error string is constructed by repeated string concatenation, leading to quadratic runtime. Therefore, a certificate provided by a malicious actor can result in excessive resource consumption."
"qubership-jaeger","trivy","ghcr.io/jaegertracing/spark-dependencies/spark-dependencies:latest","CVE-2025-68973","HIGH","dirmngr","2.4.4-2ubuntu17.3","2.4.4-2ubuntu17.4","In GnuPG before 2.4.9, armor_filter in g10/armor.c has two increments of an index variable where one is intended, leading to an out-of-bounds write for crafted input. (For ExtendedLTS, 2.2.51 and later are fixed versions.)"
"qubership-jaeger","trivy","ghcr.io/jaegertracing/spark-dependencies/spark-dependencies:latest","CVE-2025-68973","HIGH","gnupg","2.4.4-2ubuntu17.3","2.4.4-2ubuntu17.4","In GnuPG before 2.4.9, armor_filter in g10/armor.c has two increments of an index variable where one is intended, leading to an out-of-bounds write for crafted input. (For ExtendedLTS, 2.2.51 and later are fixed versions.)"
"qubership-jaeger","trivy","ghcr.io/jaegertracing/spark-dependencies/spark-dependencies:latest","CVE-2025-68973","HIGH","gnupg-utils","2.4.4-2ubuntu17.3","2.4.4-2ubuntu17.4","In GnuPG before 2.4.9, armor_filter in g10/armor.c has two increments of an index variable where one is intended, leading to an out-of-bounds write for crafted input. (For ExtendedLTS, 2.2.51 and later are fixed versions.)"
"qubership-jaeger","trivy","ghcr.io/jaegertracing/spark-dependencies/spark-dependencies:latest","CVE-2025-68973","HIGH","gpg","2.4.4-2ubuntu17.3","2.4.4-2ubuntu17.4","In GnuPG before 2.4.9, armor_filter in g10/armor.c has two increments of an index variable where one is intended, leading to an out-of-bounds write for crafted input. (For ExtendedLTS, 2.2.51 and later are fixed versions.)"
"qubership-jaeger","trivy","ghcr.io/jaegertracing/spark-dependencies/spark-dependencies:latest","CVE-2025-68973","HIGH","gpg-agent","2.4.4-2ubuntu17.3","2.4.4-2ubuntu17.4","In GnuPG before 2.4.9, armor_filter in g10/armor.c has two increments of an index variable where one is intended, leading to an out-of-bounds write for crafted input. (For ExtendedLTS, 2.2.51 and later are fixed versions.)"
"qubership-jaeger","trivy","ghcr.io/jaegertracing/spark-dependencies/spark-dependencies:latest","CVE-2025-68973","HIGH","gpgconf","2.4.4-2ubuntu17.3","2.4.4-2ubuntu17.4","In GnuPG before 2.4.9, armor_filter in g10/armor.c has two increments of an index variable where one is intended, leading to an out-of-bounds write for crafted input. (For ExtendedLTS, 2.2.51 and later are fixed versions.)"
"qubership-jaeger","trivy","ghcr.io/jaegertracing/spark-dependencies/spark-dependencies:latest","CVE-2025-68973","HIGH","gpgsm","2.4.4-2ubuntu17.3","2.4.4-2ubuntu17.4","In GnuPG before 2.4.9, armor_filter in g10/armor.c has two increments of an index variable where one is intended, leading to an out-of-bounds write for crafted input. (For ExtendedLTS, 2.2.51 and later are fixed versions.)"
"qubership-jaeger","trivy","ghcr.io/jaegertracing/spark-dependencies/spark-dependencies:latest","CVE-2025-68973","HIGH","gpgv","2.4.4-2ubuntu17.3","2.4.4-2ubuntu17.4","In GnuPG before 2.4.9, armor_filter in g10/armor.c has two increments of an index variable where one is intended, leading to an out-of-bounds write for crafted input. (For ExtendedLTS, 2.2.51 and later are fixed versions.)"
"qubership-jaeger","trivy","ghcr.io/jaegertracing/spark-dependencies/spark-dependencies:latest","CVE-2025-68973","HIGH","keyboxd","2.4.4-2ubuntu17.3","2.4.4-2ubuntu17.4","In GnuPG before 2.4.9, armor_filter in g10/armor.c has two increments of an index variable where one is intended, leading to an out-of-bounds write for crafted input. (For ExtendedLTS, 2.2.51 and later are fixed versions.)"
"qubership-jaeger","trivy","ghcr.io/jaegertracing/spark-dependencies/spark-dependencies:latest","CVE-2025-52999","HIGH","com.fasterxml.jackson.core:jackson-core","2.13.4","2.15.0","jackson-core contains core low-level incremental (""streaming"") parser and generator abstractions used by Jackson Data Processor. In versions prior to 2.15.0, if a user parses an input file and it has deeply nested data, Jackson could end up throwing a StackoverflowError if the depth is particularly large. jackson-core 2.15.0 contains a configurable limit for how deep Jackson will traverse in an input document, defaulting to an allowable depth of 1000. jackson-core will throw a StreamConstraintsException if the limit is reached. jackson-databind also benefits from this change because it uses jackson-core to parse JSON inputs. As a workaround, users should avoid parsing input files from untrusted sources."
"qubership-jaeger","trivy","ghcr.io/jaegertracing/spark-dependencies/spark-dependencies:latest","CVE-2023-52428","HIGH","com.nimbusds:nimbus-jose-jwt","9.8.1","9.37.2","In Connect2id Nimbus JOSE+JWT before 9.37.2, an attacker can cause a denial of service (resource consumption) via a large JWE p2c header value (aka iteration count) for the PasswordBasedDecrypter (PBKDF2) component."
"qubership-jaeger","trivy","ghcr.io/jaegertracing/spark-dependencies/spark-dependencies:latest","CVE-2024-25638","HIGH","dnsjava:dnsjava","2.1.7","3.6.0","dnsjava is an implementation of DNS in Java. Records in DNS replies are not checked for their relevance to the query, allowing an attacker to respond with RRs from different zones. This vulnerability is fixed in 3.6.0."
"qubership-jaeger","trivy","ghcr.io/jaegertracing/spark-dependencies/spark-dependencies:latest","CVE-2021-31684","HIGH","net.minidev:json-smart","1.3.2","1.3.3, 2.4.4","A vulnerability was discovered in the indexOf function of JSONParserByteArray in JSON Smart versions 1.3 and 2.4 which causes a denial of service (DOS) via a crafted web request."
"qubership-jaeger","trivy","ghcr.io/jaegertracing/spark-dependencies/spark-dependencies:latest","CVE-2023-1370","HIGH","net.minidev:json-smart","1.3.2","2.4.9","[Json-smart](https://netplex.github.io/json-smart/) is a performance focused, JSON processor lib.  When reaching a ‘[‘ or ‘{‘ character in the JSON input, the code parses an array or an object respectively.  It was discovered that the code does not have any limit to the nesting of such arrays or objects. Since the parsing of nested arrays and objects is done recursively, nesting too many of them can cause a stack exhaustion (stack overflow) and crash the software."
